L27_V010,3540,"Hỏa hồng Nhựt Tảo oanh thiên địa, Kiếm bạt Kiên Giang khấp quỷ thần."
L27_V010,3747,"Hỏa hồng Nhựt Tảo oanh thiên địa, Kiếm bạt Kiên Giang khấp quỷ thần."
L27_V010,4350,"Hỏa hồng Nhựt Tảo oanh thiên địa,Kiếm bạt Kiên Giang khấp quỷ thần."
L27_V010,832,"Hỏa hồng Nhựt Tảo oanh thiên địa,Kiếm bạt Kiên Giang khấp quỷ thần."
L27_V010,6172,"Hỏa hồng Nhựt Tảo oanh thiên địa,Kiếm bạt Kiên Giang khấp quỷ thần."
L27_V010,8781,"Hỏa hồng Nhựt Tảo oanh thiên địa,Kiếm bạt Kiên Giang khấp quỷ thần."
L27_V010,6345,"Hỏa hồng Nhựt Tảo oanh thiên địa,Kiếm bạt Kiên Giang khấp quỷ thần."
L27_V010,39,"Hỏa hồng Nhựt Tảo oanh thiên địa,Kiếm bạt Kiên Giang khấp quỷ thần."
L27_V010,6210,"Hỏa hồng Nhựt Tảo oanh thiên địa,Kiếm bạt Kiên Giang khấp quỷ thần."
L27_V010,3943,"Hỏa hồng Nhựt Tảo oanh thiên địa,Kiếm bạt Kiên Giang khấp quỷ thần."
L27_V010,7559,"Hỏa hồng Nhựt Tảo oanh thiên địa,Kiếm bạt Kiên Giang khấp quỷ thần."
L27_V010,5405,"Hỏa hồng Nhựt Tảo oanh thiên địa,Kiếm bạt Kiên Giang khấp quỷ thần."
L27_V010,4237,"Hỏa hồng Nhựt Tảo oanh thiên địa,Kiếm bạt Kiên Giang khấp quỷ thần."
L27_V010,8505,"Hỏa hồng Nhựt Tảo oanh thiên địa,Kiếm bạt Kiên Giang khấp quỷ thần."
L27_V010,5267,"Hỏa hồng Nhựt Tảo oanh thiên địa,Kiếm bạt Kiên Giang khấp quỷ thần."
L27_V010,3779,"Hỏa hồng Nhựt Tảo oanh thiên địa,Kiếm bạt Kiên Giang khấp quỷ thần."
L27_V010,7097,"Hỏa hồng Nhựt Tảo oanh thiên địa,Kiếm bạt Kiên Giang khấp quỷ thần."
L27_V010,4455,"Hỏa hồng Nhựt Tảo oanh thiên địa,Kiếm bạt Kiên Giang khấp quỷ thần."
L27_V010,8500,"Hỏa hồng Nhựt Tảo oanh thiên địa,Kiếm bạt Kiên Giang khấp quỷ thần."
L27_V010,3861,"Hỏa hồng Nhựt Tảo oanh thiên địa,Kiếm bạt Kiên Giang khấp quỷ thần."
