L24_V042,5319,5505,6002,6080
L22_V021,19740,20366,20909,21039
L24_V038,840,1064,1181,1368
L29_V016,16605,17084,17242,17820
L24_V028,16112,16263,16568,16719
L22_V011,28097,28302,28787,28859
L22_V025,22476,23282,23993,24081
L24_V029,303,462,608,759
L24_V015,12276,12825,12896,13144
L24_V027,1064,1215,1368,1520
L24_V039,608,812,893,912
L24_V037,8511,8571,8991,9272
L24_V032,15624,15691,15747,15872
L22_V004,38037,38100,38303,38558
L24_V035,5472,5928,6231,6384
L24_V031,2432,2439,3039,3344
L24_V033,16263,16568,16719,16779
L24_V018,13844,13888,14191,14260
L24_V009,3347,3374,3527,3596
L24_V014,11387,11532,11800,11904
L21_V015,10950,11010,11163,11418
L24_V004,10437,10496,10754,11008
L24_V016,13019,13144,13268,13516
L24_V008,5952,6103,6200,6312
L24_V026,9548,9796,9922,10044
L24_V030,4560,4712,4863,4910
L24_V025,1755,1824,1875,1976
L24_V005,14756,14880,15004,15009
L27_V007,3828,3915,3953,4031
L24_V021,13832,14238,14639,14744
L28_V009,26895,26964,27000,27295
L24_V036,1707,1824,2432,2583
L24_V010,10655,10912,11284,11408
L24_V020,12464,12615,12768,12884
L24_V041,945,1028,1029,1065
L24_V011,8432,8556,8680,8772
L30_V083,4547,4603,4820,4921
L24_V024,13680,13689,13832,13983
L24_V022,4256,4407,4532,4712
L24_V007,9039,9093,9424,9548
L24_V023,10488,10640,11247,11552
L24_V002,9592,9600,9744,9973
L24_V043,4308,4340,4464,4844
L24_V019,14592,14676,15056,15200
L21_V018,23227,24162,24210,24326
L24_V013,1612,1736,1860,1984
L27_V010,114,171,256,315
L22_V007,8670,8715,8970,9089
L24_V006,12370,12400,12524,12772
L21_V009,16024,16230,16305,16590
L21_V003,5292,5798,5844,8374
L28_V010,20743,20803,21266,21330
L27_V008,114,171,256,315
L22_V003,27270,27660,27900,28062
L22_V024,10153,10170,10465,10830
L24_V017,912,1002,1064,1277
L24_V003,581,640,1152,1280
L22_V010,23776,23970,25927,26189
L22_V001,7911,8418,8508,8685
L25_V020,4329,4479,4629,4779
L21_V010,16440,16562,17087,17100
L24_V044,640,660,735,926
L22_V015,12264,12609,12789,13143
L24_V045,657,743,759,912
L21_V016,9777,10155,10590,10887
L24_V040,119,152,182,188
L21_V005,8549,8729,8927,9912
L22_V020,9362,9759,10110,10926
L21_V008,14519,14641,15090,16680
L25_V014,11699,11849,11999,12149
L28_V006,11070,11610,11630,11886
L25_V003,14962,15054,15163,15194
L22_V029,14393,14603,14732,15027
L25_V006,17049,17141,17250,17282
L29_V005,11340,11405,11542,11745
L25_V004,8399,8549,8849,8999
L21_V029,26436,27065,27366,27509
L25_V057,10349,10589,10649,10799
L23_V004,0,7,229,250
L25_V059,32477,32480,32525,32550
L23_V002,5540,5635,5727,5902
L25_V050,6058,6060,6105,6120
L28_V012,2530,2565,3668,4050
L28_V011,5265,5290,5400,5615
L25_V058,14429,14549,14699,14720
L25_V009,20623,20624,20670,20685
L21_V006,10500,11295,11408,11484
L25_V015,3095,3096,3142,3157
L23_V008,2000,2125,2205,2511
L22_V002,13794,13944,14003,14244
L23_V025,10125,10161,10467,10625
L25_V017,10589,10649,10799,10822
L21_V023,22530,22695,22809,22839
L23_V007,7826,7959,8299,8474
L23_V003,6357,6387,6714,6795
L23_V001,1560,1625,1905,2125
L25_V049,18419,18479,18617,18640
L25_V008,14549,14639,14738,14818
L21_V030,7608,7706,7803,7896
L25_V031,13499,13649,13713,13793