L26_V056,4981
L26_V056,7237
L26_V121,6400
L26_V056,6400
L26_V056,6362
L26_V056,6528
L26_V121,6377
L26_V121,128
L26_V121,6520
L26_V121,6528
L26_V056,384
L26_V056,7295
L26_V056,300
L26_V056,6300
L26_V102,6176
L26_V102,6659
L26_V102,5799
L26_V102,1149
L26_V102,1152
L26_V348,6831
L26_V348,6289
L26_V348,4992
L26_V348,128
L21_V018,14083
L21_V018,594
L21_V018,6085
L21_V018,4039
L26_V064,3584
L26_V064,5014
L26_V064,3386
L30_V077,4170
L30_V077,1603
L30_V077,1675
L26_V382,1280
L26_V382,5296
L26_V382,128
L26_V273,384
L26_V273,355
L26_V144,6261
L26_V273,128
L26_V144,6272
L26_V144,6400
L26_V055,6016
L26_V055,5997
L26_V055,6272
L26_V471,491
L26_V471,4588
L26_V471,496
L26_V471,124
L26_V471,4909